frame_number,keypoint,Elbow angle,Knee angle,Shoulder-Elbow angle
1,"[[    0.32039     0.28089]
 [    0.33253     0.27406]
 [          0           0]
 [     0.3582     0.28256]
 [          0           0]
 [    0.34717     0.33415]
 [    0.36038     0.32265]
 [    0.33314     0.40101]
 [          0           0]
 [    0.28906      0.4334]
 [          0           0]
 [    0.34069     0.44656]
 [    0.34557     0.44162]
 [    0.32434     0.55293]
 [    0.31384     0.54844]
 [    0.39857     0.65427]
 [    0.36381     0.64572]]",144.85069849734236,146.85354948437237,6.019191649731191
2,"[[     0.3211     0.28473]
 [     0.3318     0.27809]
 [          0           0]
 [    0.35402     0.28473]
 [          0           0]
 [    0.34668     0.33271]
 [    0.35871     0.32335]
 [    0.33587     0.39924]
 [          0           0]
 [    0.29362      0.4371]
 [          0           0]
 [    0.34206     0.44701]
 [    0.34681     0.44252]
 [    0.32374     0.55208]
 [    0.31518      0.5458]
 [    0.39241     0.65554]
 [    0.36461     0.64284]]",148.59373403173163,148.25086122229322,4.8453780294481845
3,"[[    0.31802     0.29177]
 [    0.32822     0.28453]
 [          0           0]
 [    0.35161     0.28642]
 [          0           0]
 [    0.34681     0.33093]
 [    0.35863     0.32293]
 [    0.33456     0.40027]
 [          0           0]
 [     0.2915      0.4399]
 [          0           0]
 [    0.34291      0.4487]
 [    0.34829     0.44492]
 [    0.32263     0.55345]
 [    0.31708     0.54987]
 [    0.38613     0.65556]
 [    0.36119     0.64714]]",149.89031320454467,148.89106167286363,5.696927163046163
4,"[[    0.31576     0.29253]
 [    0.32543     0.28537]
 [          0           0]
 [    0.34866     0.28665]
 [          0           0]
 [    0.34663     0.33095]
 [    0.35752     0.32331]
 [    0.33215     0.40119]
 [          0           0]
 [    0.29029     0.44068]
 [          0           0]
 [    0.34426     0.44905]
 [    0.34952     0.44514]
 [     0.3242     0.55215]
 [    0.31968     0.54817]
 [    0.37483     0.65327]
 [    0.35292     0.64506]]",151.7256380950415,153.04875796900214,7.375860998999298
5,"[[    0.31275     0.28462]
 [    0.32215     0.27841]
 [          0           0]
 [    0.34402     0.28534]
 [          0           0]
 [    0.34394     0.33436]
 [    0.35331     0.32556]
 [    0.33202     0.40257]
 [          0           0]
 [    0.29039     0.44232]
 [          0           0]
 [    0.34135     0.45139]
 [    0.34666     0.44643]
 [    0.32039     0.55409]
 [    0.32247     0.54584]
 [    0.36344     0.65483]
 [    0.35783     0.64018]]",150.81470668444442,155.32853443243872,6.058151150928763
6,"[[     0.3091     0.27915]
 [    0.31782     0.27299]
 [          0           0]
 [    0.33875     0.28158]
 [          0           0]
 [     0.3392     0.33462]
 [    0.36065     0.32299]
 [    0.32529     0.40395]
 [          0           0]
 [    0.28209     0.44117]
 [          0           0]
 [    0.33675     0.45498]
 [     0.3507     0.44828]
 [    0.31417     0.56419]
 [    0.32643     0.55294]
 [     0.3526     0.67044]
 [    0.35417     0.65258]]",148.99832979040514,157.65509892870412,7.146946720506567
7,"[[    0.30706     0.27376]
 [    0.31744     0.26804]
 [          0           0]
 [    0.34075     0.27944]
 [          0           0]
 [     0.3383     0.33597]
 [    0.35581     0.32387]
 [    0.32332     0.40544]
 [          0           0]
 [    0.28188     0.44096]
 [          0           0]
 [    0.33503     0.45666]
 [    0.34599     0.45007]
 [    0.31773     0.56835]
 [    0.32812      0.5592]
 [    0.34542     0.67587]
 [    0.34711     0.66246]]",149.43802398845258,163.6702182787606,7.464352638307313
8,"[[    0.30589     0.27571]
 [    0.31541     0.26978]
 [          0           0]
 [    0.33624     0.28042]
 [          0           0]
 [    0.33341      0.3363]
 [    0.35928     0.32443]
 [    0.31939     0.40631]
 [          0           0]
 [    0.28135     0.44088]
 [          0           0]
 [    0.33306     0.46054]
 [    0.35001     0.45435]
 [    0.31724     0.57162]
 [    0.33289     0.56343]
 [    0.34734     0.67957]
 [    0.35271     0.66713]]",150.4624920564023,163.3403889265719,7.82934671828347
9,"[[    0.30715     0.28011]
 [    0.31654     0.27393]
 [          0           0]
 [    0.33906     0.28448]
 [          0           0]
 [    0.33548     0.33828]
 [    0.36016     0.32793]
 [    0.32238     0.40517]
 [          0           0]
 [    0.28218     0.43593]
 [          0           0]
 [    0.33738     0.45846]
 [    0.35308     0.45314]
 [    0.32225     0.57137]
 [    0.33731      0.5646]
 [    0.35317     0.68274]
 [    0.35897     0.67073]]",145.45216621423776,163.71721865051802,8.405375127371409
10,"[[    0.30695     0.28657]
 [    0.31534     0.28017]
 [          0           0]
 [    0.33381      0.2868]
 [          0           0]
 [    0.33138     0.33775]
 [    0.36192     0.32671]
 [    0.31778     0.40728]
 [          0           0]
 [    0.28251     0.43715]
 [          0           0]
 [    0.33484     0.46106]
 [    0.35446     0.45554]
 [    0.32064     0.57308]
 [    0.33944     0.56508]
 [    0.35325     0.68188]
 [    0.36217      0.6691]]",148.31485592220994,163.15977371786215,8.87912946145648
11,"[[    0.30695     0.28657]
 [    0.31534     0.28017]
 [          0           0]
 [    0.33381      0.2868]
 [          0           0]
 [    0.33138     0.33775]
 [    0.36192     0.32671]
 [    0.31778     0.40728]
 [          0           0]
 [    0.28251     0.43715]
 [          0           0]
 [    0.33484     0.46106]
 [    0.35446     0.45554]
 [    0.32064     0.57308]
 [    0.33944     0.56508]
 [    0.35325     0.68188]
 [    0.36217      0.6691]]",148.31485592220994,163.15977371786215,8.87912946145648
12,"[[    0.30695     0.28657]
 [    0.31534     0.28017]
 [          0           0]
 [    0.33381      0.2868]
 [          0           0]
 [    0.33138     0.33775]
 [    0.36192     0.32671]
 [    0.31778     0.40728]
 [          0           0]
 [    0.28251     0.43715]
 [          0           0]
 [    0.33484     0.46106]
 [    0.35446     0.45554]
 [    0.32064     0.57308]
 [    0.33944     0.56508]
 [    0.35325     0.68188]
 [    0.36217      0.6691]]",148.31485592220994,163.15977371786215,8.87912946145648
13,"[[    0.30695     0.28657]
 [    0.31534     0.28017]
 [          0           0]
 [    0.33381      0.2868]
 [          0           0]
 [    0.33138     0.33775]
 [    0.36192     0.32671]
 [    0.31778     0.40728]
 [          0           0]
 [    0.28251     0.43715]
 [          0           0]
 [    0.33484     0.46106]
 [    0.35446     0.45554]
 [    0.32064     0.57308]
 [    0.33944     0.56508]
 [    0.35325     0.68188]
 [    0.36217      0.6691]]",148.31485592220994,163.15977371786215,8.87912946145648
14,"[[    0.30695     0.28657]
 [    0.31534     0.28017]
 [          0           0]
 [    0.33381      0.2868]
 [          0           0]
 [    0.33138     0.33775]
 [    0.36192     0.32671]
 [    0.31778     0.40728]
 [          0           0]
 [    0.28251     0.43715]
 [          0           0]
 [    0.33484     0.46106]
 [    0.35446     0.45554]
 [    0.32064     0.57308]
 [    0.33944     0.56508]
 [    0.35325     0.68188]
 [    0.36217      0.6691]]",148.31485592220994,163.15977371786215,8.87912946145648
15,"[[    0.30695     0.28657]
 [    0.31534     0.28017]
 [          0           0]
 [    0.33381      0.2868]
 [          0           0]
 [    0.33138     0.33775]
 [    0.36192     0.32671]
 [    0.31778     0.40728]
 [          0           0]
 [    0.28251     0.43715]
 [          0           0]
 [    0.33484     0.46106]
 [    0.35446     0.45554]
 [    0.32064     0.57308]
 [    0.33944     0.56508]
 [    0.35325     0.68188]
 [    0.36217      0.6691]]",148.31485592220994,163.15977371786215,8.87912946145648
16,"[[    0.28898     0.29928]
 [     0.2988     0.29243]
 [          0           0]
 [     0.3262     0.29719]
 [          0           0]
 [    0.32895     0.34685]
 [    0.34863     0.33546]
 [    0.32151     0.41892]
 [          0           0]
 [    0.28062      0.4438]
 [          0           0]
 [    0.34506     0.47038]
 [    0.35641     0.46506]
 [    0.33907     0.57951]
 [    0.34558     0.57173]
 [    0.36978     0.69259]
 [    0.36792     0.68002]]",135.24709273048168,167.09760804304025,9.306245962190717
17,"[[    0.28733     0.28766]
 [    0.29753     0.28132]
 [          0           0]
 [    0.32498     0.29156]
 [          0           0]
 [     0.3273     0.34798]
 [    0.35013     0.33655]
 [    0.31179      0.4192]
 [          0           0]
 [    0.26522     0.45815]
 [          0           0]
 [    0.34663     0.46912]
 [    0.36037     0.46384]
 [     0.3367     0.58275]
 [    0.35021     0.57581]
 [    0.37093     0.69406]
 [    0.37419     0.68327]]",148.83537395504374,164.41824076529178,14.975371620282568
18,"[[    0.28874     0.28765]
 [    0.29598     0.28137]
 [          0           0]
 [    0.31982     0.29227]
 [          0           0]
 [    0.32592     0.34955]
 [    0.36281     0.33534]
 [    0.31394     0.42498]
 [          0           0]
 [    0.26197     0.46238]
 [          0           0]
 [    0.34737     0.47217]
 [    0.36906     0.46546]
 [    0.34217     0.58385]
 [    0.36045     0.57274]
 [    0.37348      0.6966]
 [    0.37758     0.67814]]",142.24563018614361,167.19325870411706,13.262631342236332
19,"[[     0.2903     0.29233]
 [    0.29731     0.28566]
 [          0           0]
 [    0.32167     0.29509]
 [          0           0]
 [    0.32655     0.34855]
 [    0.36365     0.34026]
 [    0.31079     0.41628]
 [          0           0]
 [    0.26407     0.46518]
 [          0           0]
 [    0.34688     0.47485]
 [    0.37002     0.47062]
 [    0.34241     0.58161]
 [    0.35921     0.57449]
 [    0.37664     0.69638]
 [    0.37854     0.68186]]",155.5543160351058,166.59029038701416,15.607865544864845
20,"[[    0.29137     0.29501]
 [    0.29739     0.28817]
 [          0           0]
 [    0.31993     0.29692]
 [          0           0]
 [    0.32652     0.34949]
 [    0.36697     0.34142]
 [    0.31289     0.41778]
 [          0           0]
 [     0.2654     0.46837]
 [          0           0]
 [    0.34769     0.47675]
 [     0.3743     0.47245]
 [    0.34029     0.58392]
 [     0.3635     0.57591]
 [    0.37808     0.69942]
 [    0.38544     0.68259]]",154.72769885472727,164.4051679639261,14.528972749788291
21,"[[    0.29408     0.30058]
 [    0.30027     0.29377]
 [          0           0]
 [    0.32232     0.30031]
 [          0           0]
 [    0.32774     0.35034]
 [    0.36605     0.34134]
 [     0.3088     0.41998]
 [          0           0]
 [    0.25709     0.46917]
 [          0           0]
 [    0.35032     0.47595]
 [    0.37467     0.47133]
 [    0.34342     0.58252]
 [    0.36574     0.57394]
 [    0.37919     0.70126]
 [    0.38466     0.68353]]",154.50341620670605,165.56588161158425,17.867459833854312
22,"[[    0.29393     0.29841]
 [        0.3     0.29183]
 [          0           0]
 [     0.3212     0.30032]
 [          0           0]
 [    0.32664     0.35266]
 [    0.36818     0.34116]
 [    0.30584     0.42613]
 [          0           0]
 [    0.24719     0.47607]
 [          0           0]
 [    0.35545     0.47696]
 [     0.3808     0.47155]
 [    0.34995     0.58604]
 [    0.36909     0.57683]
 [    0.38624     0.70695]
 [    0.38557     0.68888]]",151.8620545017703,166.17499645362724,20.332470873812895
23,"[[    0.29319     0.29737]
 [    0.30017     0.29105]
 [          0           0]
 [    0.32357     0.30058]
 [          0           0]
 [    0.32924     0.35473]
 [    0.36156     0.34328]
 [    0.30531     0.43174]
 [          0           0]
 [    0.24324     0.48169]
 [          0           0]
 [    0.35907     0.47801]
 [    0.37847     0.47269]
 [    0.35295     0.58765]
 [    0.36857      0.5787]
 [    0.39025     0.71001]
 [    0.38812      0.6932]]",151.32809239884304,165.77919007587715,21.787092920105387
24,"[[    0.28949     0.29416]
 [     0.2968     0.28822]
 [          0           0]
 [    0.32148      0.2992]
 [          0           0]
 [    0.32838     0.35535]
 [    0.36324     0.33993]
 [    0.31033     0.43555]
 [          0           0]
 [    0.24944     0.47683]
 [          0           0]
 [    0.35504     0.47582]
 [    0.37537     0.46893]
 [    0.34759     0.59074]
 [    0.36418     0.58072]
 [    0.38982     0.70989]
 [    0.38686     0.69376]]",143.12136765936017,163.54397220355708,17.67457441119446
25,"[[    0.29205     0.29439]
 [    0.29992     0.28839]
 [          0           0]
 [     0.3229     0.30004]
 [          0           0]
 [     0.3295     0.35702]
 [    0.35598     0.34448]
 [    0.31579     0.43475]
 [          0           0]
 [    0.25132     0.46905]
 [          0           0]
 [    0.35811     0.47683]
 [    0.37411     0.47097]
 [    0.34447     0.59127]
 [    0.36038     0.58229]
 [     0.3901     0.70858]
 [    0.39043     0.69341]]",134.37730969755458,160.0906714095458,16.455817044120398
26,"[[      0.297     0.30161]
 [     0.3048     0.29486]
 [          0           0]
 [    0.32855     0.30286]
 [          0           0]
 [    0.33721     0.35746]
 [    0.35691     0.34668]
 [    0.32938     0.43531]
 [          0           0]
 [    0.25555     0.46459]
 [          0           0]
 [    0.35562     0.48179]
 [    0.36779     0.47662]
 [     0.3445      0.5918]
 [    0.35756     0.58483]
 [    0.39065     0.70507]
 [    0.39161     0.69272]]",123.664988998375,160.12441043306012,9.902040435389683
27,"[[    0.28998     0.29082]
 [    0.29963     0.28413]
 [          0           0]
 [    0.32898     0.29634]
 [          0           0]
 [    0.33706     0.35766]
 [    0.35634     0.34524]
 [    0.32782     0.43732]
 [          0           0]
 [    0.24999     0.45862]
 [          0           0]
 [    0.35668     0.48242]
 [    0.36786     0.47641]
 [    0.34202     0.59457]
 [    0.35314     0.58683]
 [    0.39342     0.70951]
 [    0.39369     0.69672]]",116.06420076910227,157.48958994879519,10.873191654355363
28,"[[     0.2858     0.29388]
 [    0.29584     0.28673]
 [          0           0]
 [     0.3292     0.29715]
 [          0           0]
 [    0.34041     0.35753]
 [    0.35572       0.346]
 [    0.32915     0.43663]
 [          0           0]
 [    0.25366     0.45396]
 [          0           0]
 [    0.36169      0.4829]
 [    0.37027     0.47702]
 [    0.34892     0.59528]
 [    0.35755     0.58739]
 [    0.39313     0.70971]
 [    0.39275     0.69734]]",113.90115576316951,160.40668592921023,12.411478231052099
29,"[[    0.28408       0.293]
 [    0.29345     0.28552]
 [          0           0]
 [    0.32673     0.29589]
 [          0           0]
 [    0.33739     0.35637]
 [    0.36169     0.34654]
 [    0.32938     0.43533]
 [          0           0]
 [    0.25573     0.45404]
 [          0           0]
 [    0.35956     0.48358]
 [    0.37445     0.47875]
 [    0.34727     0.59763]
 [    0.36192     0.59298]
 [    0.39271     0.71225]
 [     0.3958     0.70368]]",114.07517776926571,160.26498878430945,10.967922779405583
30,"[[    0.28188     0.29792]
 [    0.29005      0.2902]
 [          0           0]
 [    0.32174     0.29875]
 [          0           0]
 [    0.33935     0.35655]
 [    0.35539     0.34653]
 [    0.33797     0.43995]
 [          0           0]
 [    0.25576     0.45546]
 [          0           0]
 [    0.36153     0.48617]
 [    0.36933     0.48111]
 [    0.35592     0.59796]
 [    0.35803     0.59153]
 [    0.40528     0.71238]
 [    0.39337     0.70096]]",105.81372341589841,161.26561013402528,7.462063336752557
31,"[[    0.28129      0.2991]
 [    0.28812     0.29104]
 [          0           0]
 [    0.31881      0.2983]
 [          0           0]
 [    0.33865     0.35507]
 [    0.36209     0.34595]
 [    0.34206     0.44089]
 [          0           0]
 [    0.26273     0.45653]
 [          0           0]
 [    0.36351     0.48878]
 [    0.37624     0.48481]
 [    0.36334     0.59965]
 [    0.36797     0.59827]
 [     0.4072     0.71533]
 [    0.39205     0.71192]]",104.21773813856633,165.14158626495987,5.796167931579628
32,"[[    0.28129      0.2991]
 [     0.2787      0.2962]
 [          0           0]
 [    0.30427     0.30119]
 [          0           0]
 [    0.33347       0.354]
 [     0.3681     0.34604]
 [    0.34924     0.44267]
 [          0           0]
 [    0.26279     0.45783]
 [          0           0]
 [    0.35955      0.4905]
 [    0.38061     0.48695]
 [    0.35816     0.59677]
 [    0.36582       0.597]
 [    0.40829     0.71007]
 [     0.3866     0.70734]]",97.06138472639572,162.34367072603175,0.5189963928038033
33,"[[    0.27142     0.30752]
 [    0.27588     0.29847]
 [          0           0]
 [    0.30364     0.30203]
 [          0           0]
 [    0.33942     0.35635]
 [     0.3628     0.35139]
 [    0.35199     0.44398]
 [          0           0]
 [    0.27539      0.4697]
 [          0           0]
 [    0.36164      0.4982]
 [    0.37608     0.49506]
 [    0.35421     0.60526]
 [    0.36479     0.60468]
 [    0.40559     0.71209]
 [    0.38677     0.70868]]",110.01929044587982,158.70534951358755,0.5217297588518441
34,"[[    0.27035     0.31192]
 [    0.27433      0.3027]
 [          0           0]
 [    0.30252     0.30413]
 [          0           0]
 [     0.3406     0.35531]
 [    0.36018      0.3502]
 [    0.35845     0.44831]
 [          0           0]
 [    0.29578      0.4882]
 [          0           0]
 [    0.36642       0.496]
 [    0.37699     0.49274]
 [    0.36673     0.60593]
 [    0.35928     0.60371]
 [    0.41402     0.71732]
 [    0.37253     0.71066]]",124.8002167457078,163.63557082331596,0.3292204893474068
35,"[[    0.26937     0.31235]
 [    0.27322     0.30299]
 [          0           0]
 [    0.30037     0.30382]
 [          0           0]
 [    0.33888     0.35461]
 [    0.36004     0.34976]
 [    0.36135     0.44997]
 [          0           0]
 [      0.307     0.49472]
 [          0           0]
 [    0.36755     0.49488]
 [    0.37812     0.49182]
 [    0.36814     0.60519]
 [    0.35084     0.60435]
 [    0.41337     0.71699]
 [    0.35511     0.71262]]",130.4363198413956,164.4710491280302,1.2189922222007474
36,"[[    0.26406     0.31115]
 [    0.26938     0.30218]
 [          0           0]
 [    0.29746      0.3043]
 [          0           0]
 [    0.33313     0.35444]
 [    0.35064     0.34869]
 [    0.35176     0.44155]
 [          0           0]
 [    0.28407     0.46645]
 [          0           0]
 [     0.3673     0.49048]
 [     0.3705     0.48788]
 [    0.37432     0.60131]
 [    0.33331     0.60575]
 [    0.42913     0.71059]
 [    0.32938     0.71739]]",109.35490243853559,163.26293407332963,1.4504648437703567
37,"[[    0.25834     0.31464]
 [     0.2635      0.3057]
 [          0           0]
 [    0.29322     0.30592]
 [          0           0]
 [    0.33211     0.35415]
 [    0.34603     0.34769]
 [    0.35415     0.43983]
 [          0           0]
 [    0.29193     0.46802]
 [          0           0]
 [    0.36841     0.49048]
 [    0.36803     0.48706]
 [    0.38175     0.60385]
 [    0.32701     0.60571]
 [    0.42882     0.71437]
 [    0.30729     0.71736]]",112.87223801639654,168.1565992028049,0.34776484120721185
38,"[[    0.25384     0.32117]
 [    0.25794     0.31218]
 [          0           0]
 [    0.28638     0.30993]
 [          0           0]
 [    0.32665     0.35306]
 [    0.34708     0.34882]
 [    0.35166      0.4351]
 [          0           0]
 [    0.29556     0.47369]
 [          0           0]
 [    0.36492     0.48875]
 [    0.36847     0.48618]
 [    0.37796     0.59977]
 [    0.31834      0.6031]
 [    0.42853      0.7122]
 [    0.29319     0.71578]]",122.63815536695185,167.2741109386104,0.8740073310535607
39,"[[    0.25036     0.32181]
 [    0.25551     0.31313]
 [          0           0]
 [    0.28529     0.31067]
 [          0           0]
 [    0.32382      0.3533]
 [    0.33767     0.34816]
 [    0.34875     0.43462]
 [          0           0]
 [    0.29619     0.47677]
 [          0           0]
 [    0.36288     0.48675]
 [    0.36161     0.48398]
 [    0.37382     0.59849]
 [    0.31161       0.602]
 [    0.42579     0.71027]
 [    0.29074      0.7154]]",126.95858388081143,165.95434941582715,0.5294397426025492
40,"[[     0.2472     0.32288]
 [    0.25251     0.31403]
 [          0           0]
 [    0.28243     0.31169]
 [          0           0]
 [    0.32025     0.35367]
 [    0.33736     0.35095]
 [     0.3475     0.43388]
 [          0           0]
 [     0.2902     0.48008]
 [          0           0]
 [    0.36083     0.48676]
 [    0.36148     0.48558]
 [    0.36818     0.59593]
 [    0.30731     0.60526]
 [    0.42489     0.70671]
 [    0.28956     0.72009]]",125.85080984629258,163.05073511756575,1.3211118728958873
41,"[[    0.24426     0.32196]
 [     0.2491     0.31326]
 [          0           0]
 [    0.27957     0.31177]
 [          0           0]
 [    0.31421     0.35421]
 [    0.33313     0.34721]
 [     0.3478     0.43488]
 [          0           0]
 [    0.28935     0.47833]
 [          0           0]
 [    0.35207     0.48834]
 [    0.35499     0.48521]
 [    0.35886      0.5993]
 [    0.29278     0.60385]
 [    0.42297     0.71386]
 [    0.28296      0.7177]]",120.67236187436102,161.13861793699982,5.053354321084634
42,"[[    0.24306      0.3226]
 [     0.2487     0.31415]
 [          0           0]
 [    0.27886     0.31122]
 [          0           0]
 [    0.31197     0.35272]
 [    0.32528     0.34553]
 [    0.34479     0.43585]
 [          0           0]
 [    0.28219     0.47929]
 [          0           0]
 [    0.34605      0.4858]
 [    0.34717     0.48319]
 [    0.34304      0.5952]
 [    0.29013     0.60441]
 [    0.40517     0.70649]
 [    0.28507     0.71762]]",119.50002940060662,157.64727763117122,5.261536848096087
43,"[[     0.2394      0.3244]
 [    0.24385     0.31702]
 [          0           0]
 [     0.2726     0.31453]
 [          0           0]
 [    0.30892     0.35499]
 [    0.32435     0.34775]
 [    0.33895     0.43161]
 [          0           0]
 [    0.27788     0.47956]
 [          0           0]
 [    0.33793     0.48739]
 [    0.35445     0.48132]
 [    0.28541     0.60497]
 [    0.33142     0.59244]
 [    0.31032     0.72374]
 [    0.37259     0.69671]]",123.13719765444029,154.39766450172579,6.595365479863022
44,"[[    0.23589      0.3242]
 [    0.24204     0.31717]
 [          0           0]
 [    0.27131     0.31563]
 [          0           0]
 [    0.31265     0.35699]
 [    0.31536     0.35237]
 [     0.3325     0.43043]
 [          0           0]
 [    0.27455     0.47999]
 [          0           0]
 [    0.34735     0.48883]
 [    0.35481     0.48288]
 [    0.28256       0.608]
 [     0.3336     0.59347]
 [    0.29649     0.72424]
 [    0.37858     0.69821]]",130.1599040509907,154.48031342009605,0.2762502326682944
45,"[[    0.23384     0.32632]
 [    0.23931     0.31835]
 [          0           0]
 [    0.26998     0.31482]
 [          0           0]
 [    0.30402     0.35518]
 [     0.3165     0.35089]
 [    0.33023     0.43427]
 [          0           0]
 [    0.27201     0.47584]
 [          0           0]
 [    0.33521     0.48724]
 [     0.3398     0.48566]
 [    0.31904     0.60272]
 [    0.29836     0.61274]
 [    0.36246     0.70837]
 [    0.29685     0.72091]]",122.69549220900596,158.45090741233645,3.657828275890472
46,"[[    0.23407     0.32514]
 [    0.23924     0.31762]
 [          0           0]
 [    0.26899     0.31293]
 [          0           0]
 [    0.30724     0.35299]
 [     0.3106     0.34655]
 [    0.32851     0.43123]
 [          0           0]
 [     0.2692     0.47647]
 [          0           0]
 [    0.33471     0.48931]
 [    0.34043     0.48342]
 [    0.28998     0.60643]
 [    0.31146     0.59512]
 [    0.30823     0.72107]
 [    0.33486      0.6989]]",126.87089974503597,158.76820325207115,2.73339330780898
47,"[[    0.23166     0.32628]
 [    0.23634      0.3189]
 [          0           0]
 [    0.26552     0.31404]
 [          0           0]
 [    0.30497     0.35364]
 [    0.30676     0.34615]
 [    0.32377     0.42989]
 [          0           0]
 [    0.26273     0.48402]
 [          0           0]
 [    0.32835      0.4885]
 [    0.33401     0.48073]
 [    0.28116     0.60587]
 [    0.30973     0.58578]
 [    0.29255     0.72889]
 [    0.33388     0.69175]]",132.09344047822665,160.66325746581762,2.859072308644857
48,"[[    0.22941     0.32689]
 [    0.23347     0.31954]
 [          0           0]
 [    0.26166     0.31367]
 [          0           0]
 [    0.30141     0.35195]
 [    0.30768     0.34324]
 [    0.32201     0.43074]
 [          0           0]
 [    0.26441     0.48244]
 [          0           0]
 [    0.32933     0.48582]
 [    0.33604     0.47852]
 [    0.28922     0.59653]
 [     0.3069     0.58176]
 [    0.29941     0.71661]
 [    0.31806     0.69004]]",131.85774228435616,162.44737002608878,2.0563283178716705
49,"[[    0.22862     0.32693]
 [    0.23224     0.31935]
 [          0           0]
 [    0.25821     0.31292]
 [          0           0]
 [    0.29667      0.3513]
 [    0.30736     0.34198]
 [    0.32038     0.43049]
 [          0           0]
 [    0.26495     0.48433]
 [          0           0]
 [    0.32375      0.4863]
 [    0.33209     0.47972]
 [    0.28912     0.59681]
 [     0.2981      0.5876]
 [    0.30608     0.71176]
 [    0.30114     0.69454]]",132.5615933254867,161.81250561034335,3.827878468135015
50,"[[    0.22629     0.32605]
 [    0.22984     0.31805]
 [          0           0]
 [    0.25721     0.31219]
 [          0           0]
 [    0.29571     0.35228]
 [    0.30532     0.34337]
 [    0.31717     0.42954]
 [          0           0]
 [    0.26415     0.47475]
 [          0           0]
 [    0.31715     0.48586]
 [    0.32468     0.47901]
 [    0.28666     0.59925]
 [    0.30066     0.58752]
 [     0.2966     0.72061]
 [    0.29992     0.69914]]",129.78670850312403,166.1235053672859,4.573587132794533
51,"[[    0.22604     0.32775]
 [    0.22731     0.31903]
 [          0           0]
 [    0.25425     0.31181]
 [          0           0]
 [    0.28988     0.34948]
 [    0.32009     0.33816]
 [    0.31333     0.42757]
 [          0           0]
 [     0.2662      0.4764]
 [          0           0]
 [    0.31703     0.47895]
 [    0.33831     0.47241]
 [    0.28977     0.57267]
 [    0.30464     0.56627]
 [    0.30594     0.67841]
 [    0.30368      0.6662]]",134.2566836242052,162.4616142292663,3.5059771158236575
52,"[[    0.22707     0.32821]
 [    0.22852     0.31965]
 [          0           0]
 [    0.25439     0.31094]
 [          0           0]
 [    0.28993     0.34676]
 [    0.31779     0.33708]
 [    0.31015     0.42469]
 [          0           0]
 [    0.26636      0.4749]
 [          0           0]
 [    0.32411     0.47449]
 [     0.3437      0.4692]
 [    0.28642     0.56489]
 [    0.30256     0.56215]
 [    0.29825     0.66717]
 [    0.29934     0.66045]]",138.46733935910893,159.1960365541926,0.3125310118007735
53,"[[    0.22562      0.3279]
 [    0.22683     0.31924]
 [          0           0]
 [    0.25266     0.31071]
 [          0           0]
 [    0.28992     0.34689]
 [    0.31709     0.33841]
 [    0.30996     0.42567]
 [          0           0]
 [    0.26386     0.47743]
 [          0           0]
 [    0.32427     0.47611]
 [    0.34408     0.47098]
 [    0.28334     0.56774]
 [     0.3012     0.56462]
 [    0.29509     0.67198]
 [    0.29815     0.66364]]",138.12720537022372,158.22083896512575,0.44484366467473346
54,"[[    0.22313     0.32663]
 [     0.2255      0.3181]
 [          0           0]
 [     0.2513      0.3117]
 [          0           0]
 [    0.29057     0.35308]
 [    0.31069     0.34501]
 [    0.31099     0.43222]
 [          0           0]
 [    0.25726     0.47988]
 [          0           0]
 [    0.31172     0.49441]
 [    0.32653     0.48852]
 [    0.27687     0.60912]
 [    0.29569       0.603]
 [    0.29129     0.72519]
 [    0.29137     0.71273]]",131.64919350198278,163.0986568033423,4.240407536445496
55,"[[    0.22201     0.32616]
 [    0.22435     0.31785]
 [          0           0]
 [    0.24967     0.31164]
 [          0           0]
 [    0.28917     0.35224]
 [    0.30929     0.34433]
 [    0.31053     0.43147]
 [          0           0]
 [    0.25609     0.47975]
 [          0           0]
 [    0.31687     0.48948]
 [    0.33089     0.48406]
 [    0.28173     0.60388]
 [    0.29552     0.60033]
 [    0.29415       0.716]
 [    0.28699     0.70845]]",131.20307111322026,163.50659155889238,2.634139533170301
56,"[[    0.22201     0.32616]
 [     0.2225     0.31696]
 [          0           0]
 [    0.24604     0.31069]
 [          0           0]
 [    0.28714     0.35222]
 [    0.31074     0.34392]
 [    0.31011     0.43471]
 [          0           0]
 [    0.25077      0.4882]
 [          0           0]
 [    0.30984     0.49506]
 [    0.32714     0.48938]
 [    0.27313     0.61072]
 [    0.29465     0.60637]
 [    0.29094     0.72702]
 [    0.29177      0.7172]]",131.31901101552972,161.44347390466254,4.659704683225272
57,"[[    0.22201     0.32616]
 [    0.22167     0.31623]
 [          0           0]
 [    0.24452     0.31045]
 [          0           0]
 [    0.28404     0.35097]
 [    0.31426       0.341]
 [    0.31001     0.43127]
 [          0           0]
 [    0.25226     0.48179]
 [          0           0]
 [    0.30923     0.48875]
 [    0.33062     0.48268]
 [    0.27368     0.59852]
 [    0.29788     0.59427]
 [     0.2926     0.71548]
 [    0.29583     0.70592]]",128.75887832736916,160.85161034101776,5.4409914791373195
58,"[[    0.22201     0.32616]
 [    0.22358     0.31082]
 [          0           0]
 [    0.24501     0.30603]
 [          0           0]
 [    0.28964       0.348]
 [      0.313     0.33647]
 [    0.31519     0.43186]
 [          0           0]
 [    0.25316     0.48602]
 [          0           0]
 [    0.31591      0.4905]
 [    0.33162       0.482]
 [    0.28738     0.60259]
 [    0.29269      0.5865]
 [    0.30812     0.72232]
 [    0.28687     0.69308]]",129.42007672405916,163.05702783193576,4.666929809099653
59,"[[    0.22201     0.32616]
 [    0.22225     0.30572]
 [          0           0]
 [    0.24581     0.30348]
 [          0           0]
 [    0.28877     0.34797]
 [    0.30845     0.33628]
 [     0.3144     0.43254]
 [          0           0]
 [    0.25386     0.48672]
 [          0           0]
 [    0.31997     0.48357]
 [    0.33336     0.47576]
 [    0.29205      0.5902]
 [     0.3005      0.5778]
 [    0.30746     0.70964]
 [    0.29457     0.68767]]",130.1728323751537,164.52636400403165,2.8183213852650892
60,"[[    0.22201     0.32616]
 [    0.22371     0.30129]
 [          0           0]
 [    0.24451     0.30024]
 [          0           0]
 [    0.28766     0.34691]
 [    0.31837     0.33684]
 [    0.31653     0.43111]
 [          0           0]
 [    0.25495     0.48174]
 [          0           0]
 [    0.31528     0.49041]
 [     0.3364     0.48323]
 [    0.29131     0.60228]
 [    0.30381      0.5905]
 [    0.31339     0.72418]
 [    0.29799     0.70178]]",126.28063274218161,164.3205010752112,5.80039533374203
61,"[[    0.22201     0.32616]
 [    0.22445     0.29694]
 [          0           0]
 [    0.24811     0.29569]
 [          0           0]
 [    0.29016      0.3436]
 [    0.31594      0.3377]
 [    0.31703     0.42949]
 [          0           0]
 [    0.25441       0.477]
 [          0           0]
 [    0.31919     0.48454]
 [    0.33738     0.48002]
 [    0.29597     0.59534]
 [    0.31567     0.59062]
 [    0.32038     0.71585]
 [    0.31603     0.70421]]",125.14202219310033,163.66333120074844,4.129940101052214
62,"[[    0.22201     0.32616]
 [    0.22445     0.29694]
 [          0           0]
 [    0.24807     0.29275]
 [          0           0]
 [    0.29195     0.34424]
 [    0.31929     0.33401]
 [    0.31727     0.43044]
 [          0           0]
 [    0.25923     0.47806]
 [          0           0]
 [    0.31987     0.48892]
 [    0.33777     0.48183]
 [    0.30685     0.60529]
 [    0.31244     0.59168]
 [    0.33175      0.7294]
 [    0.30272     0.70372]]",128.09115408902272,167.58213856402222,3.9092661113043414
63,"[[    0.22201     0.32616]
 [    0.23209     0.28214]
 [          0           0]
 [    0.25465     0.28744]
 [          0           0]
 [    0.29272     0.34309]
 [    0.31762     0.33249]
 [    0.31517     0.43024]
 [          0           0]
 [    0.25755     0.47693]
 [          0           0]
 [    0.31889      0.4854]
 [    0.33477     0.47836]
 [     0.3076     0.60069]
 [    0.31228     0.58703]
 [    0.33545     0.72658]
 [    0.31148      0.7014]]",129.12963701982932,167.3359135197048,2.8749385807460603
64,"[[    0.22201     0.32616]
 [    0.23122     0.27697]
 [          0           0]
 [    0.25736     0.28336]
 [          0           0]
 [    0.29616     0.34103]
 [    0.31605     0.32955]
 [    0.31776     0.42993]
 [          0           0]
 [    0.25649     0.47716]
 [          0           0]
 [     0.3213     0.48236]
 [    0.33472     0.47534]
 [    0.30915     0.59497]
 [    0.31599      0.5839]
 [    0.33475     0.71573]
 [     0.3174     0.69605]]",128.28096603065842,167.29800859916932,2.542372901751142
65,"[[    0.22201     0.32616]
 [    0.22887     0.27656]
 [          0           0]
 [    0.25375     0.28158]
 [          0           0]
 [    0.29826     0.33849]
 [    0.31191     0.32747]
 [    0.31955     0.42983]
 [          0           0]
 [    0.25313     0.47074]
 [          0           0]
 [    0.32401     0.47741]
 [    0.33356     0.46986]
 [    0.30822     0.58968]
 [     0.3156     0.57515]
 [     0.3278     0.70988]
 [    0.31418     0.68441]]",122.25462016150368,167.92506860181675,1.8649225413461252
66,"[[    0.22201     0.32616]
 [    0.23502     0.27563]
 [          0           0]
 [    0.25963     0.28104]
 [          0           0]
 [    0.30138     0.33723]
 [    0.31433     0.32588]
 [    0.32359     0.42593]
 [          0           0]
 [    0.26005     0.46112]
 [          0           0]
 [    0.32851     0.47265]
 [    0.33725     0.46491]
 [    0.31145     0.59054]
 [    0.31772     0.57526]
 [    0.32912     0.71266]
 [    0.31701     0.68654]]",118.58589746177478,168.4843674294492,1.9495569511466027
67,"[[    0.23569     0.27719]
 [     0.2396     0.26986]
 [          0           0]
 [    0.26363     0.27758]
 [          0           0]
 [     0.3024     0.33411]
 [    0.31392     0.32214]
 [    0.33183     0.41807]
 [          0           0]
 [    0.27942     0.45765]
 [          0           0]
 [    0.32731     0.46825]
 [    0.33651     0.46111]
 [    0.31098     0.57799]
 [    0.31806      0.5661]
 [     0.3365     0.68893]
 [    0.32568      0.6683]]",123.57184765953228,164.97647003549653,6.355337021793726
68,"[[    0.23459     0.27183]
 [    0.24164     0.26521]
 [          0           0]
 [     0.2725     0.27463]
 [          0           0]
 [    0.30907     0.33314]
 [    0.30441     0.32199]
 [     0.3324     0.41594]
 [          0           0]
 [    0.27785     0.45884]
 [          0           0]
 [    0.33576     0.46572]
 [    0.33422     0.45895]
 [    0.31615     0.58009]
 [    0.32055     0.56938]
 [    0.33368     0.69393]
 [    0.33256     0.67629]]",127.35790411038306,167.06689230301623,3.1200875836567024
69,"[[    0.23544     0.27149]
 [    0.24298     0.26452]
 [          0           0]
 [    0.27562      0.2734]
 [          0           0]
 [    0.30964     0.33266]
 [    0.30997     0.32188]
 [    0.33029     0.41577]
 [          0           0]
 [     0.2734     0.46081]
 [          0           0]
 [    0.33526     0.47011]
 [     0.3365     0.46309]
 [    0.31708     0.58855]
 [    0.32053     0.57654]
 [    0.33628     0.70765]
 [    0.33215     0.68752]]",128.82211689954116,167.48853842319366,2.4256781434475885
70,"[[    0.24094     0.27462]
 [    0.24655     0.26745]
 [          0           0]
 [    0.27228     0.27407]
 [          0           0]
 [    0.30715     0.32852]
 [    0.31085     0.32047]
 [    0.33403      0.4096]
 [          0           0]
 [    0.28114     0.45715]
 [          0           0]
 [    0.33675     0.46689]
 [    0.34084      0.4617]
 [    0.31359     0.58689]
 [     0.3225     0.57872]
 [    0.33875     0.70755]
 [    0.33734     0.69148]]",129.2138894930376,164.07487178106226,4.529668105493534
71,"[[    0.24021     0.26867]
 [    0.24854     0.26148]
 [          0           0]
 [    0.27972     0.27009]
 [          0           0]
 [    0.30971     0.32911]
 [    0.31083     0.32052]
 [    0.33086     0.40949]
 [          0           0]
 [    0.27946     0.46048]
 [          0           0]
 [    0.33792     0.46741]
 [    0.34021     0.46185]
 [    0.31402     0.58929]
 [    0.31929      0.5802]
 [    0.34289     0.71078]
 [    0.34022     0.69373]]",134.52746972827126,162.82240672108009,2.302210662070997
72,"[[    0.24325      0.2672]
 [    0.25105     0.26014]
 [          0           0]
 [    0.28001     0.26914]
 [          0           0]
 [    0.30932     0.32719]
 [    0.31291     0.31983]
 [    0.33435     0.40809]
 [          0           0]
 [    0.28899      0.4622]
 [          0           0]
 [    0.33894      0.4626]
 [    0.34334     0.45819]
 [    0.31118     0.58009]
 [    0.31902     0.57481]
 [    0.34378     0.69749]
 [    0.34368     0.68593]]",137.54097451721688,159.6984216944862,3.5002423985116065
73,"[[    0.24564     0.27032]
 [    0.25049      0.2627]
 [          0           0]
 [    0.27454     0.26995]
 [          0           0]
 [    0.30806     0.32618]
 [    0.32217     0.31902]
 [    0.33644     0.40745]
 [          0           0]
 [     0.2872     0.46397]
 [          0           0]
 [    0.33798     0.46724]
 [    0.34958     0.46262]
 [    0.31406      0.5886]
 [    0.32647     0.58155]
 [    0.34764     0.71074]
 [    0.34468     0.69497]]",135.05851146524572,161.33532107366892,5.272429839448903
74,"[[    0.24643     0.26894]
 [    0.25137     0.26138]
 [          0           0]
 [    0.27573      0.2686]
 [          0           0]
 [    0.30882     0.32462]
 [    0.32316     0.31737]
 [    0.33346     0.40709]
 [          0           0]
 [    0.28636     0.46699]
 [          0           0]
 [    0.34132     0.46897]
 [    0.35258     0.46419]
 [    0.32005     0.60169]
 [    0.33173     0.59282]
 [    0.35133     0.73077]
 [    0.34661     0.71154]]",139.52484486816576,164.04361495402492,2.8441175448440514
75,"[[     0.2478     0.28038]
 [    0.25309     0.27325]
 [          0           0]
 [    0.27847     0.27576]
 [          0           0]
 [    0.30912     0.32376]
 [    0.32453     0.31604]
 [    0.33259     0.39808]
 [          0           0]
 [    0.29256     0.45217]
 [          0           0]
 [    0.34371     0.46636]
 [    0.35547     0.46161]
 [    0.32168     0.60201]
 [    0.33589     0.59461]
 [    0.34135     0.72976]
 [    0.34287     0.71457]]",140.31211552133314,167.42466191495356,2.817576393023567
76,"[[    0.24835     0.27783]
 [    0.25299     0.27031]
 [          0           0]
 [    0.27743     0.27421]
 [          0           0]
 [    0.30918     0.32521]
 [    0.32716     0.31692]
 [    0.33128     0.40468]
 [          0           0]
 [    0.28134      0.4613]
 [          0           0]
 [    0.34568     0.46718]
 [    0.35827     0.46198]
 [    0.32815     0.60145]
 [    0.33878     0.59084]
 [     0.3605     0.73279]
 [    0.35296     0.71096]]",137.464295405124,165.06157389014277,0.8080635539454578
77,"[[    0.24865      0.2705]
 [    0.25343     0.26308]
 [          0           0]
 [     0.2782     0.27005]
 [          0           0]
 [    0.31037     0.32433]
 [    0.32762     0.31551]
 [    0.33362     0.40525]
 [          0           0]
 [    0.28439     0.45958]
 [          0           0]
 [    0.34895     0.46583]
 [     0.3601     0.46043]
 [    0.33407     0.59979]
 [    0.33918     0.58871]
 [    0.36721     0.73405]
 [     0.3507     0.71138]]",136.40784870653644,165.814733538512,0.5664770557451694
78,"[[    0.24696     0.27653]
 [    0.25565     0.26878]
 [          0           0]
 [    0.28932     0.27179]
 [          0           0]
 [     0.3141     0.32522]
 [    0.32588     0.31418]
 [    0.33133     0.40545]
 [          0           0]
 [    0.28301     0.45108]
 [          0           0]
 [    0.34556     0.46819]
 [    0.35356     0.46213]
 [    0.33355     0.60426]
 [    0.33996     0.59502]
 [    0.35462     0.73236]
 [    0.35066     0.71597]]",135.07490583552686,169.94300201349392,0.20766958028182628
79,"[[    0.24701     0.27524]
 [    0.25524     0.26729]
 [          0           0]
 [    0.28852     0.27103]
 [          0           0]
 [    0.31331     0.32614]
 [     0.3319     0.31315]
 [    0.32943      0.4051]
 [          0           0]
 [    0.27967     0.44972]
 [          0           0]
 [    0.34506     0.47436]
 [     0.3567     0.46719]
 [    0.33517     0.61163]
 [    0.33797     0.59847]
 [    0.36681     0.73868]
 [    0.35316     0.71556]]",134.05421867077055,167.28225697004567,0.39410610217152003
80,"[[    0.24794     0.27831]
 [    0.25629     0.27024]
 [          0           0]
 [    0.28956     0.27287]
 [          0           0]
 [     0.3096     0.32773]
 [      0.341     0.30873]
 [     0.3229     0.40851]
 [          0           0]
 [     0.2675     0.45017]
 [          0           0]
 [    0.34119     0.47404]
 [     0.3585     0.46516]
 [     0.3363      0.6118]
 [    0.33752     0.59815]
 [    0.37263     0.73919]
 [    0.35263     0.71707]]",130.63473970994102,167.34662341110572,2.0094820472423938
81,"[[    0.24483     0.26797]
 [    0.25424     0.26007]
 [          0           0]
 [    0.29007       0.268]
 [          0           0]
 [    0.30831     0.32839]
 [    0.33911     0.31207]
 [    0.32343     0.41096]
 [          0           0]
 [    0.27411     0.45256]
 [          0           0]
 [    0.33984     0.47263]
 [    0.35735     0.46499]
 [    0.33423     0.61079]
 [    0.33793     0.59969]
 [    0.37482     0.73935]
 [    0.36116     0.72156]]",133.174712985291,165.96839285416928,1.3913765357293415
82,"[[    0.24274     0.26115]
 [    0.25221     0.25353]
 [          0           0]
 [    0.28953     0.26414]
 [          0           0]
 [     0.3078     0.32755]
 [    0.34751      0.3077]
 [    0.32406     0.40942]
 [          0           0]
 [     0.2719     0.44035]
 [          0           0]
 [    0.34514     0.47195]
 [    0.36684     0.46321]
 [    0.33961     0.61364]
 [    0.34197     0.60287]
 [    0.37907     0.74164]
 [    0.35854     0.72501]]",122.51797382664907,166.31826579294196,2.3360253578562302
83,"[[     0.2442     0.25862]
 [    0.25217     0.25123]
 [          0           0]
 [     0.2859     0.26165]
 [          0           0]
 [     0.3063     0.32363]
 [     0.3477     0.30471]
 [    0.32415     0.40339]
 [          0           0]
 [    0.27659     0.43408]
 [          0           0]
 [    0.34467     0.47045]
 [     0.3679     0.46234]
 [    0.34088     0.61119]
 [    0.34439     0.60123]
 [    0.38139     0.73591]
 [    0.35992      0.7203]]",123.93778215163891,166.170786184971,1.4550505318131997
84,"[[    0.24351     0.25653]
 [     0.2517     0.24893]
 [          0           0]
 [    0.28586     0.25973]
 [          0           0]
 [    0.30849     0.32358]
 [    0.34543     0.30583]
 [    0.32441     0.40666]
 [          0           0]
 [    0.27123     0.42923]
 [          0           0]
 [    0.34729     0.47352]
 [    0.36838     0.46563]
 [    0.34187     0.61503]
 [    0.34405     0.60557]
 [    0.37825     0.73693]
 [    0.35755     0.72269]]",113.7338339430073,166.7238659030768,2.6167110204859547
85,"[[    0.24565     0.25686]
 [    0.25305     0.24933]
 [          0           0]
 [     0.2863     0.25874]
 [          0           0]
 [    0.31011     0.31918]
 [    0.34671     0.30479]
 [    0.32638     0.39536]
 [          0           0]
 [    0.28444       0.424]
 [          0           0]
 [    0.34916     0.47276]
 [    0.37155     0.46601]
 [    0.34172     0.61456]
 [    0.35013     0.60569]
 [    0.37022     0.73611]
 [    0.36194     0.72284]]",125.95654340381607,168.62964368229802,1.5801718447434563
86,"[[    0.24407     0.25619]
 [    0.25249     0.24881]
 [          0           0]
 [     0.2881     0.25815]
 [          0           0]
 [    0.31266     0.31817]
 [    0.33902     0.30259]
 [    0.32676     0.40217]
 [          0           0]
 [    0.27244      0.4192]
 [          0           0]
 [    0.35719      0.4569]
 [    0.37279     0.44897]
 [    0.34258     0.59765]
 [    0.35175     0.58501]
 [    0.37142      0.7309]
 [    0.36885     0.71162]]",107.56831251483241,167.28709352049444,5.936128611205587
87,"[[    0.24088     0.25058]
 [    0.25081     0.24333]
 [          0           0]
 [       0.29     0.25515]
 [          0           0]
 [    0.31523     0.31898]
 [    0.33216     0.30264]
 [    0.31963     0.40393]
 [          0           0]
 [    0.25694     0.40891]
 [          0           0]
 [    0.36352     0.45466]
 [    0.37188     0.44591]
 [    0.34348     0.59434]
 [    0.34935     0.57854]
 [    0.37504     0.73059]
 [    0.37116     0.70671]]",94.43765846484777,165.1198129413584,11.85930895660155
88,"[[    0.24066     0.24705]
 [    0.25204     0.23953]
 [          0           0]
 [    0.29436     0.25194]
 [          0           0]
 [    0.31985     0.31775]
 [    0.32798      0.3028]
 [    0.32174     0.40412]
 [          0           0]
 [    0.24607     0.41167]
 [          0           0]
 [     0.3654     0.45431]
 [    0.36739     0.44604]
 [    0.34472     0.59361]
 [    0.34397     0.58049]
 [    0.37773     0.73081]
 [    0.36687     0.71173]]",97.27574246518478,164.57521243486366,12.211223472693433
89,"[[     0.2414     0.24752]
 [    0.25225     0.23975]
 [          0           0]
 [     0.2941     0.25197]
 [          0           0]
 [     0.3215     0.31849]
 [    0.33282     0.30423]
 [    0.32538     0.40809]
 [          0           0]
 [    0.23443     0.41747]
 [          0           0]
 [    0.37458     0.45225]
 [    0.37852      0.4441]
 [    0.34534     0.59046]
 [    0.34804     0.58001]
 [    0.37484     0.72651]
 [    0.36719     0.71241]]",96.69269223680301,163.02146204954403,13.726146424806512
90,"[[    0.24896     0.26465]
 [    0.25859     0.25696]
 [          0           0]
 [    0.29489     0.26287]
 [          0           0]
 [    0.31848     0.31851]
 [    0.33308     0.30467]
 [    0.32311     0.40376]
 [          0           0]
 [    0.24593     0.42182]
 [          0           0]
 [    0.37177     0.45021]
 [    0.37818     0.44236]
 [    0.34232     0.58347]
 [    0.34612     0.57103]
 [    0.37324     0.72374]
 [    0.36646     0.70454]]",106.39613173640159,162.5175495443849,13.574801264483943
91,"[[    0.25423     0.27289]
 [    0.26469     0.26422]
 [          0           0]
 [    0.30363     0.26359]
 [          0           0]
 [    0.32428     0.31477]
 [    0.33535     0.30204]
 [    0.31843     0.40083]
 [          0           0]
 [     0.2455     0.42493]
 [          0           0]
 [    0.36639     0.45271]
 [    0.37079     0.44519]
 [    0.34497      0.5892]
 [    0.34598     0.57605]
 [    0.37443     0.72884]
 [    0.36454     0.70913]]",118.08016337061935,165.39838311568496,14.71950159836735
92,"[[     0.2488      0.2465]
 [    0.25991     0.23909]
 [          0           0]
 [    0.30115     0.25026]
 [          0           0]
 [    0.32943     0.31493]
 [    0.32076     0.29773]
 [    0.30985     0.39902]
 [          0           0]
 [    0.23068     0.42946]
 [          0           0]
 [     0.3751     0.45216]
 [    0.36583     0.44095]
 [    0.34841     0.59043]
 [    0.33995     0.56262]
 [    0.37931     0.73183]
 [     0.3639     0.68949]]",128.10835099742812,163.67966543199205,22.27085353724436
93,"[[    0.25173     0.26247]
 [    0.26325     0.25468]
 [          0           0]
 [    0.30457     0.25854]
 [          0           0]
 [    0.33188     0.31304]
 [     0.3114     0.30333]
 [    0.32166     0.39263]
 [          0           0]
 [    0.24643     0.42798]
 [          0           0]
 [     0.3693     0.45273]
 [    0.35406     0.44753]
 [    0.35036     0.58943]
 [    0.34712     0.58293]
 [    0.37653     0.72547]
 [    0.36922     0.71746]]",129.10997538072377,166.85506443322186,15.687180705624593
94,"[[    0.25318       0.261]
 [    0.26423     0.25275]
 [          0           0]
 [    0.30525     0.25614]
 [          0           0]
 [    0.33899     0.31244]
 [    0.30718     0.30532]
 [    0.35444     0.40065]
 [          0           0]
 [     0.3322     0.47218]
 [          0           0]
 [    0.37198     0.45603]
 [    0.35275     0.45209]
 [    0.35381     0.59425]
 [     0.3467       0.586]
 [    0.37926     0.73282]
 [    0.37241     0.71776]]",160.82026949130966,167.47312608769252,2.139605714341317
95,"[[    0.25481     0.26518]
 [    0.26672     0.25726]
 [          0           0]
 [    0.30716      0.2602]
 [          0           0]
 [     0.3352      0.3149]
 [    0.30887     0.30208]
 [    0.32002     0.40169]
 [          0           0]
 [    0.23853     0.44641]
 [          0           0]
 [    0.37957     0.45008]
 [    0.35947     0.44254]
 [    0.35518     0.59202]
 [    0.34507     0.57688]
 [    0.38041     0.73276]
 [    0.36764      0.7112]]",135.17481301810932,166.05129179055112,19.831954178953193
96,"[[    0.25574     0.25251]
 [    0.26921       0.245]
 [          0           0]
 [    0.30997     0.25412]
 [          0           0]
 [    0.33191     0.31456]
 [    0.30773     0.30331]
 [    0.31037     0.40355]
 [          0           0]
 [    0.23325     0.45301]
 [          0           0]
 [    0.38296     0.44627]
 [     0.3639     0.44102]
 [    0.35993     0.58397]
 [    0.35171     0.57705]
 [    0.38563     0.72083]
 [    0.37428     0.71249]]",142.2002004439842,165.89604078261127,24.68454060882901
97,"[[    0.25974     0.25781]
 [    0.27177     0.24943]
 [          0           0]
 [    0.30931     0.25528]
 [          0           0]
 [    0.33379     0.31764]
 [    0.31393     0.30541]
 [    0.31667     0.41218]
 [          0           0]
 [    0.22872     0.46369]
 [          0           0]
 [    0.37924     0.45924]
 [    0.36296     0.45283]
 [    0.36085     0.59751]
 [     0.3557      0.5862]
 [    0.39016     0.73104]
 [    0.37942     0.71557]]",137.23925362204034,166.00882671698128,19.79723229238978
98,"[[    0.25794     0.24837]
 [    0.27061     0.24051]
 [          0           0]
 [    0.30873     0.25125]
 [          0           0]
 [    0.32923     0.31823]
 [    0.32394     0.30466]
 [    0.32037     0.41423]
 [          0           0]
 [    0.22659     0.45393]
 [          0           0]
 [    0.37669     0.45722]
 [    0.36701     0.44972]
 [    0.35932     0.59529]
 [     0.3561     0.58178]
 [    0.39247     0.73381]
 [    0.38271     0.71527]]",124.96126907937348,165.52011999964068,17.06308863565783
99,"[[    0.25677     0.24872]
 [    0.26996     0.24067]
 [          0           0]
 [    0.31136     0.25074]
 [          0           0]
 [    0.33679     0.31722]
 [    0.32391     0.30057]
 [    0.34107     0.40964]
 [          0           0]
 [    0.26402     0.44123]
 [          0           0]
 [    0.37412     0.45849]
 [    0.36225     0.44898]
 [    0.35994     0.59701]
 [    0.35159     0.57807]
 [    0.39036     0.73685]
 [    0.38137     0.71034]]",118.61816363451165,167.3051471600441,8.584393990030081
100,"[[    0.25556     0.24861]
 [    0.26862     0.24004]
 [          0           0]
 [    0.31001     0.24912]
 [          0           0]
 [     0.3387     0.31643]
 [    0.32385     0.30431]
 [    0.34995     0.41254]
 [          0           0]
 [    0.29307     0.46307]
 [          0           0]
 [    0.37648     0.46234]
 [    0.36549     0.45514]
 [     0.3592     0.59436]
 [    0.35253     0.57875]
 [    0.38615     0.73367]
 [    0.38211     0.70872]]",137.23614913900474,167.1121734529469,5.5660937420923045
101,"[[    0.25581     0.24617]
 [    0.26893     0.23867]
 [          0           0]
 [    0.31028      0.2516]
 [          0           0]
 [    0.33998     0.31979]
 [    0.32386     0.30463]
 [    0.35107     0.41323]
 [          0           0]
 [    0.26833     0.44475]
 [          0           0]
 [    0.38732     0.45902]
 [     0.3752     0.45054]
 [    0.36541     0.59529]
 [    0.35827     0.58047]
 [    0.39238     0.73609]
 [    0.39049      0.7146]]",113.9480163677317,166.00645106644228,8.602459394325997
102,"[[    0.25551     0.24397]
 [    0.26905     0.23644]
 [          0           0]
 [    0.31152     0.24997]
 [          0           0]
 [     0.3412     0.31864]
 [     0.3245     0.30462]
 [    0.35506     0.41163]
 [          0           0]
 [    0.27626      0.4433]
 [          0           0]
 [    0.39018     0.45885]
 [    0.37784     0.45119]
 [    0.37017     0.59593]
 [    0.36302     0.58296]
 [     0.3975     0.73793]
 [    0.39657     0.71888]]",114.04632018782438,166.554059420035,7.751668086985504
103,"[[    0.25617     0.24304]
 [    0.26877      0.2354]
 [          0           0]
 [    0.31066     0.24816]
 [          0           0]
 [    0.33957     0.31667]
 [    0.32954     0.30337]
 [    0.35442     0.40832]
 [          0           0]
 [    0.28462     0.44506]
 [          0           0]
 [      0.386     0.45954]
 [    0.37868      0.4523]
 [    0.37136     0.59753]
 [     0.3671     0.58454]
 [    0.39907     0.73967]
 [     0.3971     0.71958]]",120.61956182002302,168.03297852944075,6.31817798893716
104,"[[    0.25812     0.24224]
 [    0.27009     0.23463]
 [          0           0]
 [    0.31062     0.24759]
 [          0           0]
 [    0.33841     0.31576]
 [    0.33649     0.30233]
 [    0.35497     0.40566]
 [          0           0]
 [     0.2878     0.44525]
 [          0           0]
 [    0.38803     0.45928]
 [    0.38614     0.45215]
 [    0.37076     0.59851]
 [    0.37068     0.58625]
 [    0.39883     0.74037]
 [    0.39981     0.72109]]",122.9151018514337,167.21116250511574,6.227979287939405
105,"[[    0.25827     0.24635]
 [    0.27176     0.23852]
 [          0           0]
 [    0.31388     0.25093]
 [          0           0]
 [    0.34177     0.31924]
 [    0.33643     0.30784]
 [    0.34926     0.40954]
 [          0           0]
 [    0.28654     0.44548]
 [          0           0]
 [     0.3856     0.46312]
 [    0.38015     0.45691]
 [    0.37216     0.59829]
 [    0.37054     0.58811]
 [    0.40122     0.73465]
 [    0.40036     0.72107]]",126.12950446757928,167.59374824772163,8.677962545307304
106,"[[    0.25939     0.24762]
 [    0.27155     0.23942]
 [          0           0]
 [    0.31261     0.25063]
 [          0           0]
 [    0.34243     0.31913]
 [     0.3422     0.30718]
 [    0.34826     0.41054]
 [          0           0]
 [    0.28676     0.44825]
 [          0           0]
 [    0.38616     0.46447]
 [    0.38453     0.45776]
 [    0.36981      0.6007]
 [    0.37111     0.58837]
 [    0.40466     0.73736]
 [     0.4013     0.71908]]",128.81118618019653,165.14540123020396,9.298445777896635
107,"[[    0.26267     0.25094]
 [    0.27538     0.24329]
 [          0           0]
 [    0.31399      0.2549]
 [          0           0]
 [     0.3423     0.32257]
 [    0.33606     0.30878]
 [    0.34762     0.41607]
 [          0           0]
 [    0.28902     0.45309]
 [          0           0]
 [     0.3883     0.46539]
 [    0.38214       0.458]
 [    0.37009     0.60132]
 [    0.36503     0.58751]
 [    0.40096     0.73464]
 [     0.3946     0.71563]]",129.92488026551123,165.50073293243346,10.377200686087031
108,"[[    0.26241     0.24959]
 [    0.27589     0.24198]
 [          0           0]
 [    0.31509     0.25486]
 [          0           0]
 [    0.34545     0.32437]
 [     0.3304     0.30887]
 [    0.35377     0.42287]
 [          0           0]
 [    0.29877     0.47237]
 [          0           0]
 [     0.3899     0.46652]
 [     0.3776     0.45748]
 [    0.36693     0.60198]
 [    0.35091      0.5815]
 [    0.40043      0.7373]
 [    0.38724     0.70705]]",138.88454439423032,163.47574502066362,8.923454388563155
109,"[[    0.26258     0.24973]
 [     0.2768     0.24239]
 [          0           0]
 [    0.31632     0.25639]
 [          0           0]
 [    0.34501      0.3267]
 [    0.32832     0.30925]
 [    0.34729     0.42286]
 [          0           0]
 [    0.28185      0.4569]
 [          0           0]
 [    0.39081     0.46772]
 [    0.37646     0.45801]
 [    0.36442     0.60503]
 [    0.34808      0.5853]
 [    0.39994     0.73789]
 [    0.38407     0.71128]]",125.79094406875303,161.8206547292245,11.803360923633244
110,"[[    0.26312     0.24932]
 [    0.27653     0.24195]
 [          0           0]
 [     0.3148     0.25582]
 [          0           0]
 [    0.34698     0.32584]
 [    0.32724     0.31017]
 [    0.35157     0.42248]
 [          0           0]
 [    0.28345     0.45336]
 [          0           0]
 [    0.39662     0.46622]
 [    0.38064     0.45738]
 [    0.36749     0.60272]
 [    0.35241     0.58451]
 [    0.40428     0.73535]
 [    0.39013     0.71043]]",121.15217337140723,160.60428435039333,11.94419096036028
111,"[[    0.26384     0.24946]
 [    0.27776     0.24194]
 [          0           0]
 [    0.31728     0.25613]
 [          0           0]
 [    0.34906     0.32771]
 [    0.32786     0.31165]
 [    0.34667     0.42691]
 [          0           0]
 [     0.2692     0.45581]
 [          0           0]
 [    0.39891     0.46845]
 [    0.38207     0.45948]
 [    0.36377     0.60251]
 [    0.35168     0.58492]
 [    0.40402     0.73492]
 [    0.39403     0.71057]]",119.12612924391402,157.69491648365408,14.824958798987325
112,"[[    0.26483     0.25108]
 [    0.27917      0.2433]
 [          0           0]
 [    0.31954     0.25624]
 [          0           0]
 [    0.35131     0.32606]
 [    0.32383     0.31131]
 [    0.34752     0.42564]
 [          0           0]
 [    0.26646     0.45401]
 [          0           0]
 [    0.40059      0.4631]
 [    0.37969     0.45494]
 [    0.36146     0.59608]
 [    0.35063     0.58133]
 [    0.39932     0.72979]
 [     0.3947     0.70994]]",118.18612511933775,157.2539758351521,15.585460953558215
113,"[[    0.26974     0.25614]
 [    0.28188     0.24896]
 [          0           0]
 [    0.31708     0.26036]
 [          0           0]
 [     0.3494     0.32938]
 [    0.32985     0.30807]
 [    0.34105     0.42489]
 [          0           0]
 [     0.2472     0.44355]
 [          0           0]
 [     0.3948     0.46908]
 [    0.37879     0.45755]
 [    0.35386      0.6027]
 [    0.34634     0.58063]
 [    0.40435     0.73127]
 [     0.3931     0.70098]]",109.41232527676219,152.64657673013335,16.242068915044978
114,"[[    0.27159     0.25274]
 [    0.28587     0.24593]
 [          0           0]
 [    0.32267     0.25848]
 [          0           0]
 [    0.34893     0.32738]
 [    0.33073     0.30508]
 [    0.33611     0.41968]
 [          0           0]
 [    0.24501     0.43354]
 [          0           0]
 [    0.39931     0.46151]
 [    0.38406      0.4502]
 [    0.33978     0.59371]
 [    0.33585     0.57571]
 [    0.40064     0.72295]
 [    0.39174     0.69936]]",107.85043350542114,144.41601755387356,20.194611510996335
115,"[[    0.27493     0.25087]
 [    0.29048     0.24375]
 [          0           0]
 [     0.3323     0.25832]
 [          0           0]
 [    0.35828      0.3298]
 [    0.33392     0.31135]
 [    0.33316     0.42439]
 [          0           0]
 [    0.22897     0.42638]
 [          0           0]
 [    0.40329     0.46661]
 [    0.38407     0.45725]
 [    0.34112     0.59351]
 [    0.33559     0.58181]
 [    0.40545     0.71732]
 [    0.39812      0.7039]]",102.04863613821958,141.2512103800782,23.39333966059432
116,"[[       0.28     0.25117]
 [    0.29463     0.24372]
 [          0           0]
 [    0.33487     0.25652]
 [          0           0]
 [    0.36182     0.32653]
 [    0.33644     0.30965]
 [    0.33407     0.42107]
 [          0           0]
 [    0.24211     0.42798]
 [          0           0]
 [    0.39929     0.46768]
 [    0.38008     0.45857]
 [    0.32805     0.59117]
 [    0.32386     0.57803]
 [    0.39762     0.71716]
 [    0.38869     0.69884]]",107.7087681104258,137.05692087375866,22.037459088392502
117,"[[    0.28824     0.25806]
 [    0.30309      0.2506]
 [          0           0]
 [    0.34411     0.26043]
 [          0           0]
 [    0.36472     0.32425]
 [    0.34236     0.31009]
 [    0.31829     0.40777]
 [          0           0]
 [     0.2245     0.39039]
 [          0           0]
 [    0.39892     0.46391]
 [    0.38244     0.45748]
 [    0.31131     0.58077]
 [    0.32344     0.57935]
 [     0.3859     0.69926]
 [    0.39346     0.70059]]",96.27907961112386,128.73430066811844,30.85479687937525
118,"[[    0.29735     0.25433]
 [    0.31271     0.24678]
 [          0           0]
 [     0.3527     0.25901]
 [          0           0]
 [    0.36879     0.32516]
 [      0.342     0.31394]
 [    0.30356     0.39979]
 [          0           0]
 [    0.19777      0.3676]
 [          0           0]
 [    0.39964     0.46872]
 [    0.38254     0.46546]
 [    0.29699     0.57429]
 [    0.32649     0.58508]
 [    0.37787     0.69297]
 [    0.40721     0.71263]]",97.75195720019862,120.48233175342152,39.856410836422896
119,"[[    0.29998     0.25106]
 [    0.31903     0.24473]
 [          0           0]
 [    0.36501     0.26018]
 [          0           0]
 [    0.37481     0.32834]
 [    0.32972     0.30405]
 [    0.30099     0.39479]
 [          0           0]
 [    0.20614     0.34998]
 [          0           0]
 [    0.39659     0.46691]
 [    0.36643      0.4598]
 [    0.29908     0.58165]
 [    0.31918     0.58669]
 [    0.38459     0.69939]
 [    0.40834     0.71098]]",93.60748181744596,122.53005179217881,43.99076669663549
120,"[[    0.30836      0.2483]
 [    0.32896     0.24218]
 [          0           0]
 [    0.37353     0.25836]
 [          0           0]
 [    0.37678     0.32398]
 [    0.33263     0.30817]
 [    0.30406     0.38104]
 [          0           0]
 [    0.20468     0.33285]
 [          0           0]
 [    0.39881      0.4676]
 [    0.36924     0.46423]
 [    0.29266     0.57808]
 [    0.31754      0.5912]
 [    0.38107     0.69521]
 [    0.42261     0.71954]]",96.77286425414431,118.4580378998861,47.70929254869757
121,"[[    0.31229     0.24348]
 [    0.33204     0.23747]
 [          0           0]
 [    0.37896     0.25361]
 [          0           0]
 [    0.38741     0.31657]
 [    0.33602     0.30565]
 [    0.32637     0.36412]
 [          0           0]
 [    0.24872     0.31766]
 [          0           0]
 [    0.39788     0.46122]
 [    0.36507      0.4592]
 [    0.30059     0.57793]
 [    0.32166     0.58858]
 [    0.37996     0.70021]
 [    0.42158     0.71619]]",91.1628395047412,125.51636773380731,44.69931481386862
122,"[[     0.3209      0.2692]
 [    0.33998     0.26186]
 [          0           0]
 [    0.38727     0.26626]
 [          0           0]
 [    0.38888     0.31427]
 [     0.3396     0.30366]
 [    0.31981      0.3495]
 [          0           0]
 [    0.26035     0.28722]
 [          0           0]
 [    0.39538     0.45493]
 [    0.36131     0.45145]
 [    0.30647     0.57871]
 [    0.31724     0.57751]
 [    0.38357     0.70396]
 [    0.41217     0.69954]]",87.42569005452134,130.20086722345894,55.64032766407043
123,"[[    0.32258     0.25092]
 [    0.34244     0.24336]
 [          0           0]
 [    0.39195     0.25336]
 [          0           0]
 [     0.3835     0.31117]
 [    0.34393     0.29762]
 [    0.28716     0.33286]
 [          0           0]
 [    0.26063     0.24213]
 [          0           0]
 [    0.38958     0.45719]
 [    0.36073     0.45345]
 [    0.31185     0.58497]
 [    0.32006      0.5815]
 [    0.39395     0.70662]
 [    0.40526     0.70014]]",83.61132951735705,131.84241265804297,73.75834909986935
124,"[[    0.32793      0.2243]
 [    0.34505     0.21637]
 [          0           0]
 [    0.39046      0.2293]
 [          0           0]
 [    0.40435       0.291]
 [    0.32194     0.27955]
 [    0.34971     0.32252]
 [          0           0]
 [    0.31402     0.25307]
 [          0           0]
 [    0.39112     0.44462]
 [      0.337     0.44161]
 [    0.31924     0.57426]
 [    0.30356     0.57058]
 [    0.39753     0.71234]
 [    0.39462     0.70286]]",70.08473189586462,137.31985000723103,46.95053926390247
125,"[[    0.33406     0.21136]
 [    0.35347     0.20499]
 [          0           0]
 [    0.39728     0.22044]
 [          0           0]
 [    0.40865     0.28262]
 [    0.31804     0.26438]
 [    0.37545      0.3107]
 [          0           0]
 [    0.33811     0.24963]
 [          0           0]
 [    0.38729     0.43513]
 [    0.32811     0.42901]
 [    0.32633     0.57529]
 [    0.30572     0.56774]
 [     0.3922     0.71311]
 [    0.39085     0.70032]]",62.54963135050913,144.72409180527265,33.90027013496873
126,"[[    0.35027     0.20976]
 [     0.3661     0.20149]
 [          0           0]
 [    0.39656     0.21029]
 [          0           0]
 [    0.41154      0.2698]
 [    0.31654      0.2553]
 [    0.39519     0.30477]
 [          0           0]
 [    0.34783     0.24662]
 [          0           0]
 [    0.38318     0.42396]
 [    0.32304     0.42041]
 [    0.32814       0.561]
 [     0.3107     0.56127]
 [    0.38535     0.70034]
 [      0.384     0.69885]]",47.615985773556744,148.4010977793484,10.737009620509477
127,"[[    0.35627     0.20011]
 [    0.37704     0.19218]
 [          0           0]
 [    0.40897     0.20418]
 [          0           0]
 [     0.4126      0.2664]
 [    0.30449     0.24615]
 [    0.39685     0.29852]
 [          0           0]
 [    0.34952     0.23457]
 [          0           0]
 [    0.38014      0.4155]
 [    0.31051      0.4096]
 [     0.3386     0.55444]
 [    0.30767     0.54986]
 [    0.37821      0.6953]
 [    0.37855     0.69056]]",46.14074481309782,157.14721927693708,10.237544664200165
128,"[[    0.34164     0.20101]
 [    0.36209     0.19423]
 [          0           0]
 [    0.40382     0.20984]
 [          0           0]
 [    0.38455     0.26637]
 [     0.3366     0.25687]
 [    0.27198     0.23524]
 [          0           0]
 [    0.24951     0.12715]
 [          0           0]
 [    0.37455     0.41768]
 [    0.33908     0.41709]
 [    0.33465     0.54248]
 [    0.32016     0.54569]
 [    0.37417     0.66967]
 [    0.36524     0.67765]]",119.88571487830855,155.22468682940527,109.0101124972221
129,"[[     0.3392     0.18671]
 [    0.35555     0.18141]
 [          0           0]
 [    0.38834     0.19431]
 [          0           0]
 [    0.39357     0.25253]
 [    0.33041     0.22991]
 [    0.37659     0.27915]
 [          0           0]
 [    0.32621     0.24082]
 [          0           0]
 [    0.36498     0.40411]
 [    0.32289     0.39588]
 [    0.33027     0.54729]
 [    0.32302     0.54257]
 [    0.38199      0.6844]
 [    0.37348     0.68371]]",66.45683796984531,155.6850457589192,16.483254843336432
130,"[[    0.33847     0.17313]
 [    0.35697     0.16856]
 [          0           0]
 [    0.39166      0.1836]
 [          0           0]
 [     0.3901     0.24513]
 [     0.3317     0.21602]
 [    0.35937     0.26917]
 [          0           0]
 [    0.30494      0.2226]
 [          0           0]
 [    0.36436     0.40132]
 [    0.32431     0.39086]
 [    0.33656     0.55695]
 [    0.32702     0.54814]
 [    0.38837     0.69876]
 [    0.37922     0.69368]]",80.84978324413622,158.62511093107867,35.14303519390616
131,"[[     0.3374     0.17496]
 [    0.35541     0.17075]
 [          0           0]
 [    0.39698      0.1886]
 [          0           0]
 [    0.40171     0.24705]
 [    0.34204     0.22315]
 [    0.35249     0.23974]
 [          0           0]
 [    0.27693     0.13801]
 [          0           0]
 [    0.37222     0.40537]
 [    0.33039     0.39522]
 [    0.34038     0.54967]
 [    0.32621     0.53795]
 [    0.38751     0.68365]
 [    0.37642     0.67383]]",129.39014711436369,157.49001137079256,94.63010092931727
132,"[[    0.34066     0.17545]
 [    0.35973     0.17166]
 [          0           0]
 [     0.4011     0.18968]
 [          0           0]
 [    0.40444     0.24804]
 [    0.33917     0.21912]
 [    0.36063     0.23862]
 [          0           0]
 [    0.30397     0.14784]
 [          0           0]
 [    0.37896     0.41071]
 [    0.33344      0.3994]
 [    0.35109     0.55979]
 [    0.33219     0.54561]
 [    0.39748     0.69634]
 [    0.38522     0.68375]]",130.6598783473321,159.26496765291364,100.92794576651643
133,"[[    0.33965     0.17631]
 [    0.35657     0.17344]
 [          0           0]
 [    0.39711     0.19261]
 [          0           0]
 [    0.39599     0.24559]
 [    0.35558     0.22959]
 [    0.30757     0.19519]
 [          0           0]
 [     0.2642     0.10164]
 [          0           0]
 [    0.37767     0.41569]
 [     0.3487     0.40859]
 [    0.35059     0.56325]
 [    0.33673      0.5516]
 [    0.39181     0.68917]
 [     0.3668     0.67831]]",147.1886569425229,159.86451277063796,124.99588408759685
134,"[[    0.34796     0.17791]
 [    0.36464     0.17322]
 [          0           0]
 [    0.39592     0.18832]
 [          0           0]
 [     0.3911     0.25208]
 [    0.34184     0.22395]
 [    0.35025     0.28129]
 [          0           0]
 [    0.30971      0.2378]
 [          0           0]
 [    0.36588     0.40602]
 [    0.33206     0.39608]
 [    0.34497     0.55022]
 [    0.34069     0.54081]
 [    0.39403     0.68292]
 [    0.38551     0.67808]]",77.26362459787214,159.7880704019851,37.74898668407165
135,"[[    0.35318     0.17565]
 [     0.3729     0.17101]
 [          0           0]
 [    0.40764     0.18902]
 [          0           0]
 [    0.41248     0.26187]
 [    0.32224     0.22358]
 [     0.3943     0.30512]
 [          0           0]
 [    0.34222     0.25283]
 [          0           0]
 [    0.38284     0.41519]
 [    0.32419     0.40158]
 [    0.35663     0.56219]
 [    0.33481     0.54902]
 [    0.40126     0.69252]
 [    0.39181     0.68515]]",51.08656783658701,159.49675960488923,8.654337457020059
136,"[[    0.35521     0.17553]
 [     0.3725     0.17036]
 [          0           0]
 [    0.40234     0.18706]
 [          0           0]
 [    0.41286     0.25908]
 [    0.32574     0.22511]
 [     0.4094      0.3027]
 [          0           0]
 [    0.36184     0.25296]
 [          0           0]
 [    0.38003     0.41736]
 [    0.32411     0.40493]
 [    0.35551     0.56241]
 [    0.33603     0.54938]
 [    0.40373     0.69688]
 [    0.39269      0.6878]]",36.83653075297927,159.2525876550918,5.059663562827379
137,"[[    0.35688     0.17841]
 [    0.37378     0.17342]
 [          0           0]
 [    0.40279     0.19073]
 [          0           0]
 [    0.41387     0.26367]
 [    0.32832     0.22745]
 [    0.41127     0.30486]
 [          0           0]
 [    0.36626     0.25578]
 [          0           0]
 [    0.37786     0.42611]
 [    0.32352     0.41304]
 [    0.35871     0.57612]
 [     0.3412     0.56235]
 [    0.41057     0.70904]
 [    0.39602     0.69869]]",35.09159064010176,159.71133403425088,6.264274325857833
138,"[[    0.36621     0.17493]
 [    0.38103     0.16969]
 [          0           0]
 [    0.40025      0.1864]
 [          0           0]
 [    0.40756     0.25605]
 [    0.33013     0.21912]
 [     0.3959      0.2962]
 [          0           0]
 [    0.36147     0.25236]
 [          0           0]
 [    0.37807     0.41624]
 [    0.32887     0.40511]
 [    0.36177     0.56524]
 [    0.35237     0.55613]
 [    0.41434     0.70011]
 [     0.3992     0.69429]]",40.129178315112135,160.44722835510245,4.129964985951198
139,"[[    0.37549     0.17601]
 [    0.38103     0.16969]
 [          0           0]
 [    0.40025      0.1864]
 [          0           0]
 [    0.41495     0.24473]
 [    0.32693     0.20873]
 [    0.40483     0.28937]
 [          0           0]
 [    0.37048     0.25591]
 [          0           0]
 [    0.38633     0.40723]
 [    0.32966     0.39614]
 [    0.36644     0.55669]
 [    0.35135     0.54436]
 [    0.41142     0.69528]
 [    0.39872     0.68222]]",44.54708452510137,161.96153769927272,1.981462408391475
140,"[[    0.35574     0.16636]
 [    0.37363     0.16547]
 [          0           0]
 [    0.41111      0.1887]
 [          0           0]
 [     0.3989     0.23883]
 [    0.36937     0.23797]
 [    0.28196     0.18068]
 [          0           0]
 [    0.37048     0.25591]
 [          0           0]
 [    0.38902      0.4184]
 [    0.36618     0.41703]
 [    0.36568     0.57031]
 [    0.35244     0.56086]
 [    0.40781     0.69672]
 [    0.39836     0.68535]]",15.13840457887596,160.81552980480157,123.31696153006563
141,"[[    0.35591     0.16431]
 [     0.3731     0.16471]
 [          0           0]
 [    0.41133     0.19011]
 [          0           0]
 [    0.40036      0.2391]
 [    0.37649     0.24154]
 [    0.28736     0.18375]
 [          0           0]
 [    0.37048     0.25591]
 [          0           0]
 [    0.38769     0.41972]
 [    0.36788     0.41835]
 [    0.37284     0.57903]
 [    0.35945      0.5665]
 [    0.41208       0.707]
 [    0.40498     0.69102]]",16.14230696233858,164.2231858983373,122.3056078535419
142,"[[    0.35557     0.16132]
 [    0.37767     0.16202]
 [          0           0]
 [    0.42017     0.18935]
 [          0           0]
 [    0.40436     0.23904]
 [    0.35825     0.23897]
 [    0.30357     0.19646]
 [          0           0]
 [    0.37048     0.25591]
 [          0           0]
 [    0.38166     0.42162]
 [    0.34497     0.41946]
 [    0.37617     0.58267]
 [    0.34714     0.56853]
 [    0.42181     0.71326]
 [    0.41659     0.69591]]",20.665844344254864,164.95464445749548,116.27898671213592
143,"[[    0.35959     0.16294]
 [    0.38018     0.16355]
 [          0           0]
 [    0.42036     0.19036]
 [          0           0]
 [    0.40482     0.23964]
 [    0.36727     0.23932]
 [    0.30227     0.19417]
 [          0           0]
 [    0.37048     0.25591]
 [          0           0]
 [    0.38393     0.42366]
 [    0.35262     0.42183]
 [    0.38175     0.58467]
 [    0.35641     0.57212]
 [    0.42702     0.71441]
 [    0.41735       0.699]]",19.938031851953692,165.7947465072693,117.949044174638
144,"[[    0.36341     0.16192]
 [    0.38429     0.16295]
 [          0           0]
 [    0.42295     0.19012]
 [          0           0]
 [     0.4048     0.23819]
 [    0.37015      0.2354]
 [    0.30512     0.19189]
 [          0           0]
 [    0.37048     0.25591]
 [          0           0]
 [    0.38499     0.41746]
 [    0.35534     0.41518]
 [    0.37441     0.57054]
 [    0.35091     0.55985]
 [    0.42373     0.70101]
 [    0.41652     0.68873]]",20.88585650835701,162.48831783473986,119.28440074920418
145,"[[    0.36897     0.15584]
 [     0.3887     0.15734]
 [          0           0]
 [    0.42297     0.18623]
 [          0           0]
 [    0.40256      0.2362]
 [    0.37854     0.23338]
 [    0.30479     0.18894]
 [          0           0]
 [    0.37048     0.25591]
 [          0           0]
 [    0.38266     0.41195]
 [     0.3605     0.41006]
 [    0.37546     0.56631]
 [    0.35797     0.55783]
 [    0.42433     0.69874]
 [    0.41741     0.68982]]",20.8967054750219,163.71885314591205,120.23919771780614
146,"[[    0.37137     0.15608]
 [    0.39106      0.1574]
 [          0           0]
 [    0.42555     0.18607]
 [          0           0]
 [    0.40698     0.23596]
 [    0.37899     0.23619]
 [    0.30641     0.18805]
 [          0           0]
 [    0.37048     0.25591]
 [          0           0]
 [    0.38717     0.41776]
 [    0.36243     0.41631]
 [     0.3854     0.57774]
 [      0.363     0.56579]
 [    0.43023     0.70932]
 [    0.42143     0.69463]]",22.29776109509888,166.20468413359202,120.01660117151712
147,"[[    0.37417     0.15894]
 [    0.39189     0.16046]
 [          0           0]
 [    0.42344     0.18922]
 [          0           0]
 [    0.40473     0.23625]
 [    0.39292     0.23592]
 [    0.29998     0.18331]
 [          0           0]
 [    0.37048     0.25591]
 [          0           0]
 [    0.38316     0.42162]
 [    0.36836     0.41935]
 [    0.38771     0.58285]
 [    0.36846     0.56763]
 [    0.43479     0.71401]
 [    0.42446     0.69417]]",19.961925889980776,167.08217497085664,121.32191570862244
148,"[[     0.3755     0.15927]
 [    0.39204     0.16014]
 [          0           0]
 [     0.4247     0.18814]
 [          0           0]
 [    0.41062     0.23805]
 [    0.39556     0.23242]
 [      0.312     0.19086]
 [          0           0]
 [    0.37048     0.25591]
 [          0           0]
 [    0.38507     0.42166]
 [    0.36893     0.41736]
 [    0.38782     0.58247]
 [    0.37126     0.56534]
 [    0.43781     0.71405]
 [    0.42573     0.69206]]",23.455115496513216,165.8510796388335,118.94297422870436
149,"[[    0.37908     0.15456]
 [    0.39829     0.15628]
 [          0           0]
 [    0.43671     0.18566]
 [          0           0]
 [     0.4226     0.23617]
 [    0.38943     0.22987]
 [     0.3248      0.1845]
 [          0           0]
 [    0.37048     0.25591]
 [          0           0]
 [    0.39979     0.41488]
 [    0.37306     0.41055]
 [    0.38267     0.57281]
 [    0.36453     0.55888]
 [    0.42918     0.70388]
 [     0.4244     0.68893]]",28.80070481447449,161.791006788182,122.09373963235774
150,"[[    0.38124     0.15561]
 [    0.40215      0.1569]
 [          0           0]
 [    0.44318     0.18527]
 [          0           0]
 [    0.42719     0.23538]
 [    0.38444     0.22715]
 [    0.32599     0.18495]
 [          0           0]
 [    0.37048     0.25591]
 [          0           0]
 [    0.40553     0.40902]
 [    0.37218     0.40431]
 [    0.38304     0.56134]
 [     0.3606      0.5484]
 [    0.42706     0.69324]
 [    0.42099     0.68024]]",30.82940678997634,161.03223861369568,120.60198452361847
